"","Especie","Porte","Origen","Importancia_polinizadores","Principal_grupo","Importancia_frugivoros","."
"1","Abelia floribunda","arbusto","exotica","baja","varios","nula",35
"2","Abelia grandiflora","arbusto","exotica","baja","varios","nula",6
"3","Abelia sp","arbusto","exotica","baja","varios","nula",3
"4","Abies pinsapo","arbusto","nativa","nula","varios","nula",1
"5","Abutilon megapotamicum","arbusto","exotica","baja","varios","nula",8
"6","Acacia dealbata","arbol","exotica","baja","varios","nula",8
"7","Acacia dealbata","arbusto","exotica","baja","varios","nula",4
"8","Acacia farnesiana","arbusto","exotica","baja","varios","nula",1
"9","Acacia karroo","arbol","exotica","baja","varios","nula",14
"10","Acacia karroo","arbusto","exotica","baja","varios","nula",6
"11","Acacia retinoides","arbol","exotica","baja","varios","nula",9
"12","Acacia saligna","arbol","exotica","baja","varios","nula",20
"13","Acacia saligna","arbusto","exotica","baja","varios","nula",21
"14","Acacia sp","arbol","exotica","baja","varios","nula",8
"15","Acacia sp","arbusto","exotica","baja","varios","nula",1
"16","Acanthus mollis","arbusto","nativa","media","varios","nula",9
"17","Acer campestre","arbol","nativa","nula","varios","nula",6
"18","Acer negundo","arbol","exotica","nula","varios","nula",3
"19","Acokanthera spectabilis","arbusto","exotica","media","varios","nula",1
"20","Adhatoda basica","arbusto","exotica","media","varios","nula",25
"21","Agapanthus africanus","arbusto","exotica","baja","varios","nula",3
"22","Agapanthus praecox","arbusto","exotica","baja","varios","nula",1
"23","Agave americana","arbusto","exotica","baja","varios","nula",57
"24","Agave attenuata","arbusto","exotica","baja","varios","nula",4
"25","Agave ferox","arbusto","exotica","baja","varios","nula",11
"26","Agave sp","arbusto","exotica","baja","varios","nula",28
"27","Ailanthus altissima","arbol","exotica","nula","varios","nula",4
"28","Ailanthus altissima","arbusto","exotica","nula","varios","nula",1
"29","Albizia julibrissin","arbol","exotica","baja","varios","nula",7
"30","Alocasia macrorrhiza","arbusto","exotica","baja","varios","nula",2
"31","Aloe arborescens","arbusto","exotica","baja","varios","nula",11
"32","Aloe ferox","arbusto","exotica","baja","varios","nula",4
"33","Aloe sp","arbusto","exotica","baja","varios","nula",49
"34","Aloe vera","arbusto","exotica","baja","varios","nula",88
"35","Althea sp","arbusto","nativa","media","varios","nula",47
"36","Arbutus unedo","arbol","nativa","alta","varios","alta",5
"37","Arbutus unedo","arbusto","nativa","alta","varios","alta",130
"38","Asparagus densiflorus","arbusto","exotica","baja","varios","nula",2
"39","Asparagus setaceus","arbusto","exotica","baja","varios","nula",5
"40","Atriplex halimus","arbusto","nativa","nula","varios","nula",6
"41","Bambusa aurea","arbusto","exotica","nula","varios","nula",1
"42","Bambusa sp","arbusto","exotica","nula","varios","nula",2
"43","Bauhinia acuminata","arbusto","exotica","baja","varios","nula",2
"44","Bauhinia purpurea","arbol","exotica","baja","varios","nula",8
"45","Bauhinia sp","arbusto","exotica","baja","varios","nula",1
"46","Berberis sp","arbusto","nativa","media","varios","alta",19
"47","Berberis thunbergii","arbusto","exotica","baja","varios","nula",5
"48","Berberis vulgaris","arbusto","nativa","media","varios","nula",5
"49","Bignonia jasminoides","arbusto","exotica","baja","varios","nula",66
"50","Bignonia ricasoliana","arbusto","exotica","baja","varios","nula",88
"51","Bignonia sp","arbusto","exotica","baja","varios","nula",55
"52","Bosea amherstiana","arbusto","exotica","baja","varios","nula",1
"53","Bouganvillea glabra","arbusto","exotica","baja","varios","nula",483
"54","Bouganvillea spectabilis","arbusto","exotica","baja","varios","nula",477
"55","Brachychiton acerifolius","arbol","exotica","baja","varios","nula",3
"56","Brachychiton discolor","arbol","exotica","baja","varios","nula",4
"57","Brachychiton populneus","arbol","exotica","baja","varios","nula",592
"58","Brachychiton sp","arbol","exotica","baja","varios","nula",83
"59","Broussonetia papyrifera","arbusto","exotica","baja","varios","nula",4
"60","Brugmansia sp","arbusto","exotica","baja","varios","nula",13
"61","Brugmansia suaveolens","arbusto","exotica","baja","varios","nula",2
"62","Buddleja madagascariensis","arbusto","exotica","alta","mariposas","nula",2
"63","Bupleurum fruticosum","arbusto","nativa","alta","dipteros, hymenopteros","nula",2
"64","Buxus sempervirens","arbusto","nativa","baja","varios","nula",11
"65","Caesalpina gilliesii","arbusto","exotica","baja","varios","nula",2
"66","Callistemon citrinus","arbusto","exotica","baja","varios","nula",63
"67","Callistemon laevis","arbusto","exotica","baja","varios","nula",1
"68","Callistemon speciosus","arbusto","exotica","baja","varios","nula",116
"69","Camellia japonica","arbusto","exotica","media","varios","nula",22
"70","Campsis radicans","arbusto","exotica","media","varios","nula",8
"71","Canna indica","arbusto","exotica","baja","varios","nula",8
"72","Canna sp","arbusto","exotica","baja","varios","nula",10
"73","Carissa edulis","arbusto","exotica","baja","varios","nula",16
"74","Casuarina equisetifolia","arbol","exotica","nula","varios","nula",424
"75","Catalpa bignonioides","arbol","exotica","media","varios","nula",69
"76","Cedrus atlantica","arbol","exotica","nula","varios","nula",2
"77","Cedrus deodara","arbol","exotica","nula","varios","nula",9
"78","Celtis australis","arbol","nativa","nula","varios","alta",603
"79","Celtis australis","arbusto","nativa","nula","varios","alta",1
"80","Celtis sinensis","arbol","exotica","media","varios","nula",11
"81","Ceratonia siliqua","arbol","nativa","baja","sirfidos","nula",932
"82","Ceratonia siliqua","arbusto","nativa","baja","sirfidos","nula",15
"83","Cercis siliquastrum","arbol","exotica","media","varios","nula",45
"84","Cercis siliquastrum","arbusto","exotica","media","varios","nula",2
"85","Cereus sp","arbusto","exotica","baja","varios","nula",7
"86","Cestrum elegans","arbusto","exotica","baja","varios","nula",12
"87","Cestrum fasciculatum","arbusto","exotica","baja","varios","nula",3
"88","Cestrum nocturnum","arbusto","exotica","baja","varios","nula",167
"89","Cestrum sanguineum","arbusto","exotica","baja","varios","nula",7
"90","Chaenomeles sinensis","arbusto","exotica","media","varios","nula",24
"91","Chaenomeles speciosa","arbusto","exotica","media","varios","nula",21
"92","Chamaedorea elegans","arbusto","exotica","baja","varios","nula",5
"93","Chamaerops excelsa","arbusto","exotica","baja","coleoptera","nula",13
"94","Chamaerops humilis","arbusto","nativa","baja","coleoptera","alta",155
"95","Chimonanthus praecox","arbusto","exotica","baja","varios","nula",4
"96","Chlorophytum comosum","arbusto","exotica","baja","varios","nula",4
"97","Chorisia speciosa","arbol","exotica","baja","varios","nula",10
"98","Cineraria maritima","arbusto","nativa","media","varios","nula",2
"99","Cistus albidus","arbusto","nativa","alta","varios","nula",6
"100","Cistus ladanifer","arbusto","nativa","alta","varios","nula",2
"101","Cistus salvifolius","arbusto","nativa","alta","varios","nula",2
"102","Citrus aurantium","arbol","exotica","media","varios","nula",800
"103","Citrus aurantium","arbusto","exotica","media","varios","nula",1
"104","Citrus limon","arbusto","exotica","media","varios","nula",1
"105","Clivia cyrtanthiflora","arbusto","exotica","baja","varios","nula",16
"106","Clivia miniata","arbusto","exotica","baja","varios","nula",5
"107","Clivia nobilis","arbusto","exotica","baja","varios","nula",1
"108","Cocculus laurifolius","arbol","exotica","baja","varios","nula",1
"109","Cortaderia argentea","arbusto","exotica","nula","varios","nula",1
"110","Cortaderia selloana","arbusto","exotica","nula","varios","nula",149
"111","Cotoneaster horizontalis","arbusto","exotica","media","varios","nula",3
"112","Cotoneaster lacteus","arbusto","exotica","media","varios","nula",3
"113","Cotoneaster sp","arbusto","exotica","media","varios","nula",11
"114","Crassula arborescens","arbusto","exotica","baja","varios","nula",3
"115","Crassula ovata","arbusto","exotica","baja","varios","nula",11
"116","Crassula sp","arbusto","exotica","baja","varios","nula",1
"117","Crataegus monogyna","arbol","nativa","alta","varios","alta",2
"118","Crataegus monogyna","arbusto","nativa","alta","varios","alta",76
"119","Crataegus sp","arbusto","nativa","alta","varios","alta",9
"120","Cuphea cimecea","arbusto","exotica","baja","varios","nula",3
"121","Cupressus arizonica","arbol","exotica","nula","varios","nula",38
"122","Cupressus glabra","arbol","exotica","nula","varios","nula",9
"123","Cupressus sempervirens","arbol","exotica","nula","varios","nula",306
"124","Cupressus sempervirens","arbusto","exotica","nula","varios","nula",3
"125","Cupressus sp","arbol","nativa","nula","varios","nula",2
"126","Cycas revoluta","arbusto","exotica","baja","varios","nula",189
"127","Cydonia oblonga","arbusto","exotica","media","varios","nula",12
"128","Cyperus alternifolius","arbusto","exotica","nula","varios","nula",2
"129","Cyperus papirus","arbusto","exotica","nula","varios","nula",4
"130","Cytisus scoparius","arbusto","nativa","media","varios","nula",37
"131","Daphne mezereum","arbusto","nativa","media","varios","nula",2
"132","Dasylirion serratifolium","arbusto","exotica","nula","varios","nula",6
"133","Datura arborea","arbusto","exotica","baja","varios","nula",22
"134","Dictitis bucinatoria","arbusto","exotica","baja","varios","nula",7
"135","Dimorphoteca sp","arbusto","exotica","media","varios","nula",3
"136","Dioon edule","arbusto","exotica","nula","varios","nula",2
"137","Dodonaea viscosa","arbusto","exotica","baja","varios","nula",33
"138","Dombeya cayeuxii","arbusto","exotica","baja","varios","nula",40
"139","Dombeya tiliacea","arbusto","exotica","baja","varios","nula",2
"140","Dracaena draco","arbusto","exotica","nula","varios","nula",46
"141","Dracaena marginata","arbusto","exotica","nula","varios","nula",4
"142","Dracaena sp","arbusto","exotica","nula","varios","nula",11
"143","Duranta erecta","arbusto","exotica","baja","varios","nula",3
"144","Duranta repens","arbusto","exotica","baja","varios","nula",171
"145","Elaeagnus angustifolia","arbol","exotica","media","varios","nula",19
"146","Elaeagnus pugens","arbusto","exotica","media","varios","nula",33
"147","Elaeagnus sp","arbusto","exotica","media","varios","nula",5
"148","Elaeagnus x ebbingei","arbusto","exotica","media","varios","nula",2
"149","Erica carnea","arbusto","nativa","media","varios","nula",2
"150","Eriobotrya quadrangularis","arbusto","exotica","media","varios","nula",1
"151","Erythrina caffra","arbusto","exotica","baja","varios","nula",7
"152","Erythrina crista-galli","arbol","exotica","baja","varios","nula",2
"153","Eucalyptus camaldulensis","arbol","exotica","baja","varios","nula",418
"154","Eucalyptus globulus","arbol","exotica","baja","varios","nula",1
"155","Eucalyptus gomphocephala","arbol","exotica","baja","varios","nula",17
"156","Eucalyptus sp","arbol","exotica","baja","varios","nula",56
"157","Eugenia myrtifolia","arbusto","exotica","baja","varios","nula",4
"158","Euonymus fortunei","arbusto","exotica","baja","varios","nula",2
"159","Euonymus japónica""microphyll","arbusto","exotica","baja","varios","nula",1
"160","Euonymus japonicus","arbusto","exotica","baja","varios","nula",78
"161","Euonymus puchelus","arbusto","exotica","baja","varios","nula",8
"162","Euonymus sp","arbusto","exotica","baja","varios","nula",5
"163","Euphorbia cotinifolia","arbusto","exotica","baja","varios","nula",1
"164","Euphorbia milii","arbusto","exotica","baja","varios","nula",15
"165","Euphorbia pulcherrima","arbusto","exotica","baja","varios","nula",3
"166","Euphorbia sp","arbusto","exotica","baja","varios","nula",5
"167","Euryops chrysanthemoides","arbusto","exotica","media","varios","nula",3
"168","Euryops pectinatus","arbusto","exotica","media","varios","nula",1
"169","Feijoa sellowiana","arbol","exotica","baja","varios","nula",1
"170","Festuca glauca","arbusto","exotica","nula","varios","nula",2
"171","Ficus benjamina","arbusto","exotica","baja","avispas","nula",32
"172","Ficus carica","arbol","exotica","baja","avispas","nula",11
"173","Ficus carica","arbusto","exotica","baja","avispas","nula",1
"174","Ficus elastica","arbol","exotica","baja","avispas","nula",2
"175","Ficus elastica","arbusto","exotica","baja","avispas","nula",5
"176","Ficus macrophylla","arbol","exotica","baja","avispas","nula",7
"177","Ficus microcarpa","arbol","exotica","baja","avispas","nula",19
"178","Ficus microcarpa","arbusto","exotica","baja","avispas","nula",19
"179","Ficus pumila","arbusto","exotica","baja","avispas","nula",1
"180","Ficus rubiginosa","arbol","exotica","baja","avispas","nula",4
"181","Ficus rubiginosa","arbusto","exotica","baja","avispas","nula",1
"182","Ficus sp","arbusto","exotica","baja","avispas","nula",11
"183","Ficus viren","arbusto","exotica","baja","avispas","nula",1
"184","Firmiana simplex","arbol","exotica","baja","varios","nula",2
"185","Fraxinus americana","arbol","exotica","nula","varios","nula",2
"186","Fraxinus angustifolia","arbol","nativa","nula","varios","nula",341
"187","Fraxinus excelsior","arbol","nativa","nula","varios","nula",92
"188","Fraxinus ornus","arbol","nativa","media","sirfidos","nula",15
"189","Gaura lindheimeri","arbusto","exotica","baja","varios","nula",2
"190","Gleditsia sp","arbusto","exotica","baja","varios","nula",7
"191","Gleditsia triacanthos","arbol","exotica","nula","varios","nula",127
"192","Grevillea robusta","arbol","exotica","nula","varios","nula",52
"193","Grevillea robusta","arbusto","exotica","nula","varios","nula",1
"194","Hedera helix","arbusto","nativa","media","varios","alta",35
"195","Helichrysum petiolare","arbusto","exotica","media","varios","nula",3
"196","Hibiscus mutabilis","arbusto","exotica","baja","varios","nula",21
"197","Hibiscus rosa- sinensis","arbusto","exotica","baja","varios","nula",252
"198","Hibiscus sp","arbusto","exotica","baja","varios","nula",90
"199","Hibiscus syriacus","arbusto","exotica","baja","varios","nula",111
"200","Howea forsteriana","arbusto","exotica","nula","varios","nula",2
"201","Hypericum canariense","arbusto","exotica","alta","varios","nula",4
"202","Hypericum densiflorum","arbusto","exotica","alta","varios","nula",1
"203","Ilex castaneifolia","arbol","exotica","nula","varios","nula",2
"204","Ipomoea palmata","arbusto","exotica","media","varios","nula",5
"205","Iris sp","arbusto","nativa","media","varios","alta",5
"206","Jacaranda mimosifolia","arbol","exotica","baja","varios","nula",135
"207","Jasminum grandiflorum","arbusto","exotica","baja","varios","nula",4
"208","Jasminum humile","arbusto","exotica","baja","varios","nula",2
"209","Jasminum nudiflorum","arbusto","exotica","baja","varios","nula",44
"210","Jasminum officinalis","arbusto","exotica","baja","varios","nula",293
"211","Jasminum polyanthum","arbusto","exotica","baja","varios","nula",20
"212","Jasminum primulinum","arbusto","exotica","baja","varios","nula",33
"213","Jasminum sp","arbusto","exotica","baja","varios","nula",40
"214","Juglans regia","arbol","exotica","nula","varios","nula",3
"215","Juncus acutus","arbusto","nativa","nula","varios","nula",9
"216","Juniperus horizontalis","arbusto","exotica","nula","varios","nula",15
"217","Juniperus sp","arbusto","exotica","nula","varios","nula",24
"218","Juniperus virginiana","arbusto","exotica","nula","varios","nula",1
"219","Justicia adhatoda","arbusto","exotica","media","varios","nula",20
"220","Justicia carnea","arbusto","exotica","media","varios","nula",14
"221","Kalanchoe sp","arbusto","exotica","baja","varios","nula",2
"222","Koelreuteria paniculata","arbusto","exotica","media","varios","nula",1
"223","Laburnum anagyroides","arbusto","exotica","media","varios","nula",2
"224","Lagerstroemia indica","arbol","exotica","media","varios","nula",99
"225","Lagerstroemia indica","arbusto","exotica","media","varios","nula",167
"226","Lagerstroemia speciosa","arbusto","exotica","media","varios","nula",6
"227","Lagunaria patersonii","arbol","exotica","baja","varios","nula",34
"228","Lagunaria patersonii","arbusto","exotica","baja","varios","nula",28
"229","Lantana camara","arbusto","exotica","media","varios","nula",323
"230","Lantana sellowiana","arbusto","exotica","media","varios","nula",1
"231","Lantana sp","arbusto","exotica","media","varios","nula",29
"232","Laurus nobilis","arbusto","exotica","media","varios","alta",132
"233","Lavandula angustifolia","arbusto","nativa","alta","varios","nula",3
"234","Lavandula dentata","arbusto","nativa","alta","varios","nula",13
"235","Lavandula officinalis","arbusto","nativa","alta","varios","nula",7
"236","Lavandula sp","arbusto","nativa","alta","varios","nula",11
"237","Lavandula stoechas","arbusto","nativa","alta","varios","nula",4
"238","Ligustrum japonicum","arbol","exotica","media","varios","nula",29
"239","Ligustrum japonicum","arbusto","exotica","media","varios","nula",61
"240","Ligustrum jonandrum","arbusto","exotica","baja","varios","nula",3
"241","Ligustrum lucidum","arbusto","exotica","baja","varios","nula",7
"242","Ligustrum ovalifolium","arbusto","exotica","baja","varios","nula",50
"243","Ligustrum sinensis","arbusto","exotica","baja","varios","nula",3
"244","Ligustrum sp","arbol","exotica","baja","varios","nula",17
"245","Ligustrum sp","arbusto","exotica","baja","varios","nula",5
"246","Ligustrum vulgare","arbusto","nativa","media","varios","nula",1
"247","Lonicera caprifolium","arbusto","exotica","media","varios","nula",4
"248","Lonicera implexa","arbusto","nativa","media","varios","alta",2
"249","Lonicera japonica","arbusto","exotica","media","varios","nula",37
"250","Lonicera sp","arbusto","exotica","media","varios","nula",6
"251","Magnolia grandiflora","arbol","exotica","media","varios","nula",6
"252","Magnolia grandiflora","arbusto","exotica","media","varios","nula",6
"253","Mahonia sp","arbusto","exotica","media","varios","nula",2
"254","Malvaliscus arboreus","arbusto","exotica","baja","varios","nula",63
"255","Melia azedarach","arbol","exotica","baja","varios","nula",130
"256","Melia azedarach","arbusto","exotica","baja","varios","nula",3
"257","Melianthus sp","arbusto","exotica","baja","varios","nula",6
"258","Mentha sativa","arbusto","nativa","alta","varios","nula",1
"259","Mespilus germanica","arbusto","exotica","media","varios","nula",2
"260","Metrosideros sp","arbusto","exotica","baja","varios","nula",2
"261","Mirabilis jalapa","arbusto","exotica","baja","varios","nula",10
"262","Monstera deliciosa","arbusto","exotica","baja","varios","nula",3
"263","Montanoa bipinnatifida","arbusto","exotica","media","varios","nula",6
"264","Morus alba","arbol","exotica","nula","varios","nula",11
"265","Morus alba 'Pendula'","arbol","exotica","nula","varios","nula",2
"266","Morus kagayamae","arbol","exotica","nula","varios","nula",3
"267","Morus nigra","arbol","exotica","nula","varios","nula",2
"268","Muehlenbekia platicada","arbusto","exotica","baja","varios","nula",2
"269","Musa paradisiaca","arbusto","exotica","nula","varios","nula",5
"270","Musa sp","arbusto","exotica","nula","varios","nula",11
"271","Myoporum acuminatum","arbusto","exotica","baja","varios","nula",7
"272","Myoporum laetum","arbusto","exotica","baja","varios","nula",16
"273","Myrtus communis","arbusto","nativa","alta","varios","alta",90
"274","Nandina doméstica","arbusto","exotica","baja","varios","nula",47
"275","Nerium oleander","arbusto","nativa","baja","varios","nula",2114
"276","Nerium oleander x nana","arbusto","nativa","baja","varios","nula",30
"277","Nicotiana glauca","arbol","exotica","baja","varios","nula",3
"278","Olea europaea","arbol","nativa","nula","varios","alta",1026
"279","Olea europaea","arbusto","nativa","nula","varios","alta",171
"280","Olea europaea x sylvestris","arbol","nativa","nula","varios","alta",2
"281","Olea europaea x sylvestris","arbusto","nativa","nula","varios","alta",12
"282","Opuntia ficus-indica","arbusto","exotica","media","varios","nula",3
"283","Opuntia sp","arbusto","exotica","media","varios","nula",9
"284","Pandorea jasminoides","arbusto","exotica","baja","varios","nula",36
"285","Parkinsonia aculeata","arbol","exotica","baja","varios","nula",9
"286","Parkinsonia aculeata","arbusto","exotica","baja","varios","nula",2
"287","Parthenocissus quinquefolia","arbusto","exotica","baja","varios","nula",21
"288","Parthenocissus tricuspidata","arbusto","exotica","baja","varios","nula",7
"289","Paulownia tomentosa","arbusto","exotica","baja","varios","nula",1
"290","Pennisetum vellosum","arbusto","exotica","nula","varios","nula",25
"291","Persea americana","arbusto","exotica","media","varios","nula",4
"292","Philadelphus coronarius","arbusto","exotica","media","varios","nula",38
"293","Phillyrea angustifolia","arbusto","nativa","nula","varios","alta",18
"294","Philodendron sp","arbusto","exotica","baja","varios","nula",2
"295","Phlomis purpurea","arbusto","nativa","alta","varios","nula",2
"296","Phlomis sp","arbusto","nativa","alta","varios","nula",1
"297","Phoenix sp","arbusto","exotica","nula","varios","nula",1
"298","Phormium tenax","arbusto","exotica","nula","varios","nula",3
"299","Phornium tenax","arbusto","exotica","nula","varios","nula",4
"300","Photinia glabra","arbusto","exotica","media","varios","nula",20
"301","Photinia serrulata","arbusto","exotica","media","varios","nula",62
"302","Photinia sp","arbusto","exotica","media","varios","nula",24
"303","Phyllostachys aurea","arbusto","exotica","nula","varios","nula",1
"304","Phyllostachys nigra","arbusto","exotica","nula","varios","nula",1
"305","Phyllostachys viridiglaucescens","arbusto","exotica","nula","varios","nula",1
"306","Phytolacca dioica","arbol","exotica","baja","varios","nula",60
"307","Pinus halepensis","arbol","nativa","nula","varios","nula",114
"308","Pinus nigra","arbol","nativa","nula","varios","nula",1
"309","Pinus pinaster","arbol","nativa","nula","varios","nula",11
"310","Pinus pinea","arbol","nativa","nula","varios","nula",1743
"311","Pistacia lentiscus","arbol","nativa","nula","varios","alta",1
"312","Pistacia lentiscus","arbusto","nativa","nula","varios","alta",258
"313","Pistacia terebinthus","arbol","nativa","nula","varios","alta",1
"314","Pistacia terebinthus","arbusto","nativa","nula","varios","alta",3
"315","Pittosporum tobira","arbusto","exotica","media","varios","nula",409
"316","Pittosporum tobira","arbusto","exotica","media","varios","alta",1
"317","Platanus hispanica","arbol","nativa","nula","varios","nula",187
"318","Plumbago auriculata","arbusto","exotica","media","mariposas","nula",9
"319","Plumbago capensis","arbusto","exotica","media","mariposas","nula",79
"320","Plumbago sp","arbusto","exotica","media","mariposas","nula",21
"321","Plumeria rubra","arbusto","exotica","baja","varios","nula",3
"322","Polygala myrtifolia","arbusto","exotica","media","varios","nula",2
"323","Populus alba","arbol","nativa","nula","varios","nula",140
"324","Populus alba","arbusto","nativa","nula","varios","nula",2
"325","Populus alba bolleana","arbol","nativa","nula","varios","nula",2
"326","Populus nigra","arbol","nativa","nula","varios","nula",51
"327","Populus nigra","arbusto","nativa","nula","varios","nula",3
"328","Populus x canadensis","arbol","exotica","nula","varios","nula",9
"329","Populus x canadensis","arbusto","exotica","nula","varios","nula",2
"330","Portulacaria affra","arbusto","exotica","baja","varios","nula",25
"331","Prunus cerasifera","arbusto","exotica","alta","varios","nula",3
"332","Prunus cerasifera pisardii","arbusto","exotica","alta","varios","nula",20
"333","Prunus cerasus","arbol","exotica","alta","varios","nula",1
"334","Prunus sp","arbusto","exotica","alta","varios","nula",2
"335","Punica granatum","arbol","exotica","media","varios","nula",116
"336","Punica granatum","arbusto","exotica","media","varios","nula",696
"337","Pyracantha angustifolia","arbusto","exotica","media","varios","nula",3
"338","Pyracantha coccinea","arbusto","nativa","media","varios","alta",22
"339","Pyracantha sp","arbusto","exotica","media","varios","nula",4
"340","Pyrus bourgaeana","arbol","nativa","alta","varios","alta",1
"341","Pyrus calleryana","arbol","exotica","alta","varios","nula",9
"342","Pyrus communis","arbol","nativa","alta","varios","alta",5
"343","Pyrus communis","arbusto","nativa","alta","varios","alta",1
"344","Quercus faginea","arbol","nativa","nula","varios","alta",1
"345","Quercus ilex","arbol","nativa","nula","varios","alta",800
"346","Quercus ilex","arbusto","nativa","nula","varios","alta",5
"347","Quercus sp","arbol","nativa","nula","varios","alta",1
"348","Quercus suber","arbol","nativa","nula","varios","alta",511
"349","Retama monosperma","arbusto","nativa","media","varios","nula",49
"350","Retama sphaerocarpa","arbusto","nativa","media","varios","nula",29
"351","Rhododendron sp","arbusto","exotica","media","varios","nula",3
"352","Rhus typhina","arbusto","exotica","baja","varios","nula",7
"353","Ricinus communis","arbol","exotica","baja","varios","nula",1
"354","Ricinus communis","arbusto","exotica","baja","varios","nula",10
"355","Robinia pseudoacacia","arbol","exotica","media","varios","nula",49
"356","Robinia pseudoacacia","arbusto","exotica","media","varios","nula",1
"357","Rosa banksiae","arbusto","exotica","media","varios","nula",1
"358","Rosa canina","arbusto","nativa","alta","varios","alta",5
"359","Rosa sp","arbusto","exotica","baja","varios","nula",943
"360","Rosmarinus officinalis","arbusto","nativa","alta","varios","nula",29
"361","Ruscus aculeatus","arbusto","nativa","baja","varios","alta",8
"362","Russelia equisetiformis","arbusto","exotica","baja","varios","nula",4
"363","Salvia microphylla","arbusto","exotica","baja","varios","nula",7
"364","Salvia officinalis","arbusto","nativa","alta","varios","nula",20
"365","Sambucus ebulus","arbusto","nativa","media","varios","alta",1
"366","Sanseviera sp","arbusto","exotica","nula","varios","nula",2
"367","Santolina chamaecyparissus","arbusto","nativa","alta","varios","nula",9
"368","Santolina sp","arbusto","nativa","alta","varios","nula",1
"369","Schefflera actinophylla","arbusto","exotica","baja","varios","nula",9
"370","Schefflera arboricola","arbusto","exotica","baja","varios","nula",16
"371","Schinus molle","arbol","exotica","baja","varios","nula",36
"372","Senecio lineatus","arbusto","exotica","media","varios","nula",6
"373","Senecio linifoliaster","arbusto","exotica","media","varios","nula",3
"374","Senecio sp","arbusto","exotica","media","varios","nula",1
"375","Solandra maxima","arbusto","exotica","baja","varios","nula",3
"376","Solanum jazminoide","arbusto","exotica","baja","varios","nula",1
"377","Solanum rantonetti","arbusto","exotica","baja","varios","nula",44
"378","Solanum sp","arbusto","exotica","baja","varios","nula",24
"379","Sophora japonica","arbol","exotica","media","varios","nula",28
"380","Sparmannia africana","arbusto","exotica","baja","varios","nula",2
"381","Spartium junceum","arbusto","nativa","media","varios","nula",27
"382","Spiraea cantoniensis","arbusto","exotica","media","varios","nula",19
"383","Spiraea japonica","arbusto","exotica","media","varios","nula",6
"384","Spiraea sp","arbusto","exotica","media","varios","nula",16
"385","Spiraea vanhouttei","arbusto","exotica","media","varios","nula",1
"386","Stephanotis floribunda","arbusto","exotica","baja","varios","nula",1
"387","Strelitzia nicolai","arbusto","exotica","nula","varios","nula",4
"388","Strelitzia reginae","arbusto","exotica","nula","varios","nula",42
"389","Symphoricarpus albus","arbusto","exotica","media","varios","nula",4
"390","Tabebuia impetiginosa","arbol","exotica","baja","varios","nula",1
"391","Tamarindus indica","arbusto","exotica","baja","varios","nula",2
"392","Tamarix africana","arbusto","nativa","alta","varios","nula",1
"393","Tamarix gallica","arbol","nativa","media","varios","nula",45
"394","Tamarix gallica","arbusto","nativa","media","varios","nula",125
"395","Tamarix sp","arbusto","nativa","media","varios","nula",38
"396","Taxodium distichum","arbol","exotica","nula","varios","nula",79
"397","Taxus baccata","arbusto","nativa","nula","varios","alta",12
"398","Tecomaria capensis","arbusto","exotica","baja","varios","nula",99
"399","Tetraclinis articulata","arbol","nativa","baja","varios","nula",14
"400","Teucrium fruticans","arbusto","nativa","alta","varios","nula",38
"401","Thevetia peruviana","arbusto","exotica","media","varios","nula",32
"402","Thevetia sp","arbusto","exotica","media","varios","nula",11
"403","Thuja occidentalis","arbusto","exotica","nula","varios","nula",27
"404","Thuja orientalis","arbol","exotica","nula","varios","nula",43
"405","Thuja orientalis","arbusto","exotica","nula","varios","nula",71
"406","Thuja plicata","arbol","exotica","nula","varios","nula",2
"407","Thuja sp","arbusto","exotica","nula","varios","nula",76
"408","Thymus vulgaris","arbusto","nativa","alta","varios","nula",4
"409","Tipuana tipu","arbol","exotica","baja","abeja_melifera","nula",373
"410","Trachelospermum jasminoides","arbusto","exotica","media","varios","nula",25
"411","Trachycarpus fortunei","arbusto","exotica","baja","varios","nula",9
"412","Tradescantia pallida","arbusto","exotica","media","varios","nula",3
"413","Typha sp","arbusto","nativa","nula","varios","nula",1
"414","Ulmus campestris","arbol","exotica","nula","varios","nula",1
"415","Ulmus minor","arbol","nativa","nula","varios","nula",20
"416","Ulmus minor","arbusto","nativa","nula","varios","nula",1
"417","Ulmus pumila","arbol","exotica","nula","varios","nula",600
"418","Ulmus pumila","arbusto","exotica","nula","varios","nula",16
"419","Ulmus sp","arbol","exotica","nula","varios","nula",1
"420","Ulmus umbraculifera","arbol","exotica","nula","varios","nula",20
"421","Viburnum lucidum","arbusto","nativa","media","varios","nula",29
"422","Viburnum rhythydophylum","arbusto","exotica","media","varios","nula",5
"423","Viburnum sp","arbusto","nativa","media","varios","nula",6
"424","Viburnum tinus","arbusto","nativa","media","varios","alta",178
"425","Vinca minor","arbusto","nativa","media","varios","nula",5
"426","Vitex agnus-castus","arbusto","nativa","alta","varios","alta",367
"427","Vitis vinifera","arbusto","exotica","nula","varios","alta",4
"428","Washingtonia robusta","arbol","exotica","nula","varios","nula",1
"429","Washingtonia sp","arbusto","exotica","nula","varios","nula",1
"430","Wigandia caracasana","arbusto","exotica","media","varios","nula",3
"431","Wisteria floribunda","arbusto","exotica","media","varios","nula",3
"432","Wisteria sinensis","arbusto","exotica","media","varios","nula",178
"433","Yucca aloifolia","arbusto","exotica","baja","varios","nula",20
"434","Yucca elephantipes","arbusto","exotica","baja","varios","nula",189
"435","Yucca gloriosa","arbusto","exotica","baja","varios","nula",25
"436","Yucca sp","arbusto","exotica","baja","varios","nula",29
"437","Zantedeschia aethiopica","arbusto","exotica","baja","varios","nula",2
"438","Ziziphus sp","arbusto","exotica","baja","varios","nula",1
