,sp,native,polinizadores,grupo
Abelia floribunda,Abelia floribunda,FALSE,bajo,
Abelia grandiflora,Abelia grandiflora,FALSE,bajo,
Abelia sp,Abelia sp,FALSE,bajo,
Abies pinsapo,Abies pinsapo,TRUE,no,
Abutilon megapotamicum,Abutilon megapotamicum,FALSE,bajo,
Acacia dealbata,Acacia dealbata,FALSE,bajo,
Acacia farnesiana,Acacia farnesiana,FALSE,bajo,
Acacia karroo,Acacia karroo,FALSE,bajo,
Acacia retinoides,Acacia retinoides,FALSE,bajo,
Acacia saligna,Acacia saligna,FALSE,bajo,
Acacia sp,Acacia sp,FALSE,bajo,
Acanthus mollis,Acanthus mollis,TRUE,medio,
Acer campestre,Acer campestre,TRUE,no,
Acer negundo,Acer negundo,FALSE,no,
Acokanthera spectabilis,Acokanthera spectabilis,FALSE,medio,
Adhatoda basica,Adhatoda basica,FALSE,medio,
Agapanthus africanus,Agapanthus africanus,FALSE,bajo,
Agapanthus praecox,Agapanthus praecox,FALSE,bajo,
Agave americana,Agave americana,FALSE,bajo,
Agave attenuata,Agave attenuata,FALSE,bajo,
Agave ferox,Agave ferox,FALSE,bajo,
Agave sp,Agave sp,FALSE,bajo,
Ailanthus altissima,Ailanthus altissima,FALSE,no,
Albizia julibrissin,Albizia julibrissin,FALSE,bajo,
Alocasia macrorrhiza,Alocasia macrorrhiza,FALSE,bajo,
Aloe arborescens,Aloe arborescens,FALSE,bajo,
Aloe ferox,Aloe ferox,FALSE,bajo,
Aloe sp,Aloe sp,FALSE,bajo,
Aloe vera,Aloe vera,FALSE,bajo,
Althea sp,Althea sp,TRUE,medio,
Arbustos varios,Arbustos varios,NA,NA,
Arbutus unedo,Arbutus unedo,TRUE,alto,
Asparagus densiflorus,Asparagus densiflorus,FALSE,bajo,
Asparagus setaceus,Asparagus setaceus,FALSE,bajo,
Atriplex halimus,Atriplex halimus,TRUE,no,
Bambusa aurea,Bambusa aurea,FALSE,no,
Bambusa sp,Bambusa sp,FALSE,no,
Bauhinia acuminata,Bauhinia acuminata,FALSE,bajo,
Bauhinia purpurea,Bauhinia purpurea,FALSE,bajo,
Bauhinia sp,Bauhinia sp,FALSE,bajo,
Berberis sp,Berberis sp,TRUE,medio,
Berberis thunbergii,Berberis thunbergii,FALSE,bajo,
Berberis vulgaris,Berberis vulgaris,TRUE,medio,
Bignonia jasminoides,Bignonia jasminoides,FALSE,bajo,
Bignonia ricasoliana,Bignonia ricasoliana,FALSE,bajo,
Bignonia sp,Bignonia sp,FALSE,bajo,
Bosea amherstiana,Bosea amherstiana,FALSE,bajo,
Bouganvillea glabra,Bouganvillea glabra,FALSE,bajo,
Bouganvillea spectabilis,Bouganvillea spectabilis,FALSE,bajo,
Brachychiton acerifolius,Brachychiton acerifolius,FALSE,bajo,
Brachychiton discolor,Brachychiton discolor,FALSE,bajo,
Brachychiton populneus,Brachychiton populneus,FALSE,bajo,
Brachychiton sp,Brachychiton sp,FALSE,bajo,
Broussonetia papyrifera,Broussonetia papyrifera,FALSE,bajo,
Brugmansia sp,Brugmansia sp,FALSE,bajo,
Brugmansia suaveolens,Brugmansia suaveolens,FALSE,bajo,
Buddleja madagascariensis,Buddleja madagascariensis,FALSE,alto,mariposas
Bupleurum fruticosum,Bupleurum fruticosum,TRUE,alto,"dipteros, hymenopteros"
Buxus sempervirens,Buxus sempervirens,TRUE,bajo,
Caesalpina gilliesii,Caesalpina gilliesii,FALSE,bajo,
Callistemon citrinus,Callistemon citrinus,FALSE,bajo,
Callistemon laevis,Callistemon laevis,FALSE,bajo,
Callistemon speciosus,Callistemon speciosus,FALSE,bajo,
Camellia japonica,Camellia japonica,FALSE,medio,
Campsis radicans,Campsis radicans,FALSE,medio,
Canna indica,Canna indica,FALSE,bajo,
Canna sp,Canna sp,FALSE,bajo,
Carissa edulis,Carissa edulis,FALSE,bajo,
Casuarina equisetifolia,Casuarina equisetifolia,FALSE,no,
Catalpa bignonioides,Catalpa bignonioides,FALSE,medio,
Cedrus atlantica,Cedrus atlantica,FALSE,no,
Cedrus deodara,Cedrus deodara,FALSE,no,
Celtis australis,Celtis australis,TRUE,no,
Celtis sinensis,Celtis sinensis,FALSE,medio,
Ceratonia siliqua,Ceratonia siliqua,TRUE,bajo,sirfidos
Cercis siliquastrum,Cercis siliquastrum,FALSE,medio,
Cereus sp,Cereus sp,FALSE,bajo,
Cestrum elegans,Cestrum elegans,FALSE,bajo,
Cestrum fasciculatum,Cestrum fasciculatum,FALSE,bajo,
Cestrum nocturnum,Cestrum nocturnum,FALSE,bajo,
Cestrum sanguineum,Cestrum sanguineum,FALSE,bajo,
Chaenomeles sinensis,Chaenomeles sinensis,FALSE,medio,
Chaenomeles speciosa,Chaenomeles speciosa,FALSE,medio,
Chamaedorea elegans,Chamaedorea elegans,FALSE,bajo,
Chamaerops excelsa,Chamaerops excelsa,FALSE,bajo,coleoptera
Chamaerops humilis,Chamaerops humilis,TRUE,bajo,coleoptera
Chimonanthus praecox,Chimonanthus praecox,FALSE,bajo,
Chlorophytum comosum,Chlorophytum comosum,FALSE,bajo,
Chorisia speciosa,Chorisia speciosa,FALSE,bajo,
Cineraria maritima,Cineraria maritima,TRUE,medio,
Cistus albidus,Cistus albidus,TRUE,alto,
Cistus ladanifer,Cistus ladanifer,TRUE,alto,
Cistus salvifolius,Cistus salvifolius,TRUE,alto,
Citrus aurantium,Citrus aurantium,FALSE,medio,
Citrus limon,Citrus limon,FALSE,medio,
Clivia cyrtanthiflora,Clivia cyrtanthiflora,FALSE,bajo,
Clivia miniata,Clivia miniata,FALSE,bajo,
Clivia nobilis,Clivia nobilis,FALSE,bajo,
Cocculus laurifolius,Cocculus laurifolius,FALSE,bajo,
Cortaderia argentea,Cortaderia argentea,FALSE,no,
Cortaderia selloana,Cortaderia selloana,FALSE,no,
Cotoneaster horizontalis,Cotoneaster horizontalis,FALSE,medio,
Cotoneaster lacteus,Cotoneaster lacteus,FALSE,medio,
Cotoneaster sp,Cotoneaster sp,FALSE,medio,
Crassula arborescens,Crassula arborescens,FALSE,bajo,
Crassula ovata,Crassula ovata,FALSE,bajo,
Crassula sp,Crassula sp,FALSE,bajo,
Crataegus monogyna,Crataegus monogyna,TRUE,alto,
Crataegus sp,Crataegus sp,TRUE,alto,
Cuphea cimecea,Cuphea cimecea,FALSE,bajo,
Cupressus arizonica,Cupressus arizonica,FALSE,no,
Cupressus glabra,Cupressus glabra,FALSE,no,
Cupressus sempervirens,Cupressus sempervirens,FALSE,no,
Cupressus sp,Cupressus sp,TRUE,no,
Cycas revoluta,Cycas revoluta,FALSE,bajo,
Cydonia oblonga,Cydonia oblonga,FALSE,medio,
Cyperus alternifolius,Cyperus alternifolius,FALSE,no,
Cyperus papirus,Cyperus papirus,FALSE,no,
Cytisus scoparius,Cytisus scoparius,TRUE,medio,
Daphne mezereum,Daphne mezereum,TRUE,medio,
Dasylirion serratifolium,Dasylirion serratifolium,FALSE,no,
Datura arborea,Datura arborea,FALSE,bajo,
Dictitis bucinatoria,Dictitis bucinatoria,FALSE,bajo,
Dimorphoteca sp,Dimorphoteca sp,FALSE,medio,
Dioon edule,Dioon edule,FALSE,no,
Dodonaea viscosa,Dodonaea viscosa,FALSE,bajo,
Dombeya cayeuxii,Dombeya cayeuxii,FALSE,bajo,
Dombeya tiliacea,Dombeya tiliacea,FALSE,bajo,
Dracaena draco,Dracaena draco,FALSE,no,
Dracaena marginata,Dracaena marginata,FALSE,no,
Dracaena sp,Dracaena sp,FALSE,no,
Duranta erecta,Duranta erecta,FALSE,bajo,
Duranta repens,Duranta repens,FALSE,bajo,
Elaeagnus angustifolia,Elaeagnus angustifolia,FALSE,medio,
Elaeagnus pugens,Elaeagnus pugens,FALSE,medio,
Elaeagnus sp,Elaeagnus sp,FALSE,medio,
Elaeagnus x ebbingei,Elaeagnus x ebbingei,FALSE,medio,
Erica carnea,Erica carnea,TRUE,medio,
Eriobotrya quadrangularis,Eriobotrya quadrangularis,FALSE,medio,
Erythrina caffra,Erythrina caffra,FALSE,bajo,
Erythrina crista-galli,Erythrina crista-galli,FALSE,bajo,
Especie sin determinar,Especie sin determinar,NA,NA,
Eucalyptus camaldulensis,Eucalyptus camaldulensis,FALSE,bajo,
Eucalyptus globulus,Eucalyptus globulus,FALSE,bajo,
Eucalyptus gomphocephala,Eucalyptus gomphocephala,FALSE,bajo,
Eucalyptus sp,Eucalyptus sp,FALSE,bajo,
Eugenia myrtifolia,Eugenia myrtifolia,FALSE,bajo,
Euonymus fortunei,Euonymus fortunei,FALSE,bajo,
"Euonymus japónica""microphyll","Euonymus japónica""microphyll",FALSE,bajo,
Euonymus japonicus,Euonymus japonicus,FALSE,bajo,
Euonymus puchelus,Euonymus puchelus,FALSE,bajo,
Euonymus sp,Euonymus sp,FALSE,bajo,
Euphorbia cotinifolia,Euphorbia cotinifolia,FALSE,bajo,
Euphorbia milii,Euphorbia milii,FALSE,bajo,
Euphorbia pulcherrima,Euphorbia pulcherrima,FALSE,bajo,
Euphorbia sp,Euphorbia sp,FALSE,bajo,
Euryops chrysanthemoides,Euryops chrysanthemoides,FALSE,medio,
Euryops pectinatus,Euryops pectinatus,FALSE,medio,
Feijoa sellowiana,Feijoa sellowiana,FALSE,bajo,
Festuca glauca,Festuca glauca,FALSE,no,
Ficus benjamina,Ficus benjamina,FALSE,bajo,avispas
Ficus carica,Ficus carica,FALSE,bajo,avispas
Ficus elastica,Ficus elastica,FALSE,bajo,avispas
Ficus macrophylla,Ficus macrophylla,FALSE,bajo,avispas
Ficus microcarpa,Ficus microcarpa,FALSE,bajo,avispas
Ficus pumila,Ficus pumila,FALSE,bajo,avispas
Ficus rubiginosa,Ficus rubiginosa,FALSE,bajo,avispas
Ficus sp,Ficus sp,FALSE,bajo,avispas
Ficus viren,Ficus viren,FALSE,bajo,avispas
Firmiana simplex,Firmiana simplex,FALSE,bajo,
Fraxinus americana,Fraxinus americana,FALSE,no,
Fraxinus angustifolia,Fraxinus angustifolia,TRUE,no,
Fraxinus excelsior,Fraxinus excelsior,TRUE,no,
Fraxinus ornus,Fraxinus ornus,TRUE,medio,sirfidos
Gaura Lindheimeri,Gaura lindheimeri,FALSE,bajo,
Gleditsia sp,Gleditsia sp,FALSE,bajo,
Gleditsia triacanthos,Gleditsia triacanthos,FALSE,no,
Grevillea robusta,Grevillea robusta,FALSE,no,
Hedera helix,Hedera helix,TRUE,medio,
Helichrysum petiolare,Helichrysum petiolare,FALSE,medio,
Hibiscus mutabilis,Hibiscus mutabilis,FALSE,bajo,
Hibiscus rosa- sinensis,Hibiscus rosa- sinensis,FALSE,bajo,
Hibiscus sp,Hibiscus sp,FALSE,bajo,
Hibiscus syriacus,Hibiscus syriacus,FALSE,bajo,
Howea forsteriana,Howea forsteriana,FALSE,no,
Hypericum canariense,Hypericum canariense,FALSE,alto,
Hypericum densiflorum,Hypericum densiflorum,FALSE,alto,
Ilex castaneifolia,Ilex castaneifolia,FALSE,no,
Ipomoea palmata,Ipomoea palmata,FALSE,medio,
Iris sp,Iris sp,TRUE,medio,
Jacaranda mimosifolia,Jacaranda mimosifolia,FALSE,bajo,
Jasminum grandiflorum,Jasminum grandiflorum,FALSE,bajo,
Jasminum humile,Jasminum humile,FALSE,bajo,
Jasminum nudiflorum,Jasminum nudiflorum,FALSE,bajo,
Jasminum officinalis,Jasminum officinalis,FALSE,bajo,
Jasminum polyanthum,Jasminum polyanthum,FALSE,bajo,
Jasminum primulinum,Jasminum primulinum,FALSE,bajo,
Jasminum sp,Jasminum sp,FALSE,bajo,
Juglans regia,Juglans regia,FALSE,no,
Juncus acutus,Juncus acutus,TRUE,no,
Juniperus horizontalis,Juniperus horizontalis,FALSE,no,
Juniperus sp,Juniperus sp,FALSE,no,
Juniperus virginiana,Juniperus virginiana,FALSE,no,
Justicia adhatoda,Justicia adhatoda,FALSE,medio,
Justicia carnea,Justicia carnea,FALSE,medio,
Kalanchoe sp,Kalanchoe sp,FALSE,bajo,
Koelreuteria paniculata,Koelreuteria paniculata,FALSE,medio,
Laburnum anagyroides,Laburnum anagyroides,FALSE,medio,
Lagerstroemia indica,Lagerstroemia indica,FALSE,medio,
Lagerstroemia speciosa,Lagerstroemia speciosa,FALSE,medio,
Lagunaria patersonii,Lagunaria patersonii,FALSE,bajo,
Lantana camara,Lantana camara,FALSE,medio,
Lantana sellowiana,Lantana sellowiana,FALSE,medio,
Lantana sp,Lantana sp,FALSE,medio,
Laurus nobilis,Laurus nobilis,FALSE,medio,
Lavandula angustifolia,Lavandula angustifolia,TRUE,alto,
Lavandula dentata,Lavandula dentata,TRUE,alto,
Lavandula officinalis,Lavandula officinalis,TRUE,alto,
Lavandula sp,Lavandula sp,TRUE,alto,
Lavandula stoechas,Lavandula stoechas,TRUE,alto,
Ligustrum japonicum,Ligustrum japonicum,FALSE,medio,
Ligustrum jonandrum,Ligustrum jonandrum,FALSE,bajo,
Ligustrum lucidum,Ligustrum lucidum,FALSE,bajo,
Ligustrum ovalifolium,Ligustrum ovalifolium,FALSE,bajo,
Ligustrum sinensis,Ligustrum sinensis,FALSE,bajo,
Ligustrum sp,Ligustrum sp,FALSE,bajo,
Ligustrum vulgare,Ligustrum vulgare,TRUE,medio,
Lonicera caprifolium,Lonicera caprifolium,FALSE,medio,
Lonicera implexa,Lonicera implexa,TRUE,medio,
Lonicera japonica,Lonicera japonica,FALSE,medio,
Lonicera sp,Lonicera sp,FALSE,medio,
Magnolia grandiflora,Magnolia grandiflora,FALSE,medio,
Mahonia sp,Mahonia sp,FALSE,medio,
Malvaliscus arboreus,Malvaliscus arboreus,FALSE,bajo,
Melia azedarach,Melia azedarach,FALSE,bajo,
Melianthus sp,Melianthus sp,FALSE,bajo,
Mentha sativa,Mentha sativa,TRUE,alto,
Mespilus germanica,Mespilus germanica,FALSE,medio,
Metrosideros sp,Metrosideros sp,FALSE,bajo,
Mirabilis jalapa,Mirabilis jalapa,FALSE,bajo,
Monstera deliciosa,Monstera deliciosa,FALSE,bajo,
Montanoa bipinnatifida,Montanoa bipinnatifida,FALSE,medio,
Morus alba,Morus alba,FALSE,no,
Morus alba 'Pendula',Morus alba 'Pendula',FALSE,no,
Morus kagayamae,Morus kagayamae,FALSE,no,
Morus nigra,Morus nigra,FALSE,no,
Muehlenbekia platicada,Muehlenbekia platicada,FALSE,bajo,
Musa paradisiaca,Musa paradisiaca,FALSE,no,
Musa sp,Musa sp,FALSE,no,
Myoporum acuminatum,Myoporum acuminatum,FALSE,bajo,
Myoporum laetum,Myoporum laetum,FALSE,bajo,
Myrtus communis,Myrtus communis,TRUE,alto,
Nandina doméstica,Nandina doméstica,FALSE,bajo,
Nerium oleander,Nerium oleander,TRUE,bajo,
Nerium oleander x nana,Nerium oleander x nana,TRUE,bajo,
Nicotiana glauca,Nicotiana glauca,FALSE,bajo,
Olea europaea,Olea europaea,TRUE,no,
Olea europaea x sylvestris,Olea europaea x sylvestris,TRUE,no,
Opuntia ficus-indica,Opuntia ficus-indica,FALSE,medio,
Opuntia sp,Opuntia sp,FALSE,medio,
Pandorea jasminoides,Pandorea jasminoides,FALSE,bajo,
Parkinsonia aculeata,Parkinsonia aculeata,FALSE,bajo,
Parthenocissus quinquefolia,Parthenocissus quinquefolia,FALSE,bajo,
Parthenocissus tricuspidata,Parthenocissus tricuspidata,FALSE,bajo,
Paulownia tomentosa,Paulownia tomentosa,FALSE,bajo,
Pennisetum vellosum,Pennisetum vellosum,FALSE,no,
Persea americana,Persea americana,FALSE,medio,
Philadelphus coronarius,Philadelphus coronarius,FALSE,medio,
Phillyrea angustifolia,Phillyrea angustifolia,TRUE,no,
Philodendron sp,Philodendron sp,FALSE,bajo,
Phlomis purpurea,Phlomis purpurea,TRUE,alto,
Phlomis sp,Phlomis sp,TRUE,alto,
Phoenix sp,Phoenix sp,FALSE,no,
Phormium tenax,Phormium tenax,FALSE,no,
Phornium tenax,Phornium tenax,FALSE,no,
Photinia glabra,Photinia glabra,FALSE,medio,
Photinia serrulata,Photinia serrulata,FALSE,medio,
Photinia sp,Photinia sp,FALSE,medio,
Phyllostachys aurea,Phyllostachys aurea,FALSE,no,
Phyllostachys nigra,Phyllostachys nigra,FALSE,no,
Phyllostachys viridiglaucescens,Phyllostachys viridiglaucescens,FALSE,no,
Phytolacca dioica,Phytolacca dioica,FALSE,bajo,
Pinus halepensis,Pinus halepensis,TRUE,no,
Pinus nigra,Pinus nigra,TRUE,no,
Pinus pinaster,Pinus pinaster,TRUE,no,
Pinus pinea,Pinus pinea,TRUE,no,
Pistacia lentiscus,Pistacia lentiscus,TRUE,no,
Pistacia terebinthus,Pistacia terebinthus,TRUE,no,
Pittosporum tobira,Pittosporum tobira,FALSE,medio,
Platanus hispanica,Platanus hispanica,TRUE,no,
Plumbago auriculata,Plumbago auriculata,FALSE,medio,mariposas
Plumbago capensis,Plumbago capensis,FALSE,medio,mariposas
Plumbago sp,Plumbago sp,FALSE,medio,mariposas
Plumeria rubra,Plumeria rubra,FALSE,bajo,
Polygala myrtifolia,Polygala myrtifolia,FALSE,medio,
Populus alba,Populus alba,TRUE,no,
Populus alba bolleana,Populus alba bolleana,TRUE,no,
Populus nigra,Populus nigra,TRUE,no,
Populus x canadensis,Populus x canadensis,FALSE,no,
Portulacaria affra,Portulacaria affra,FALSE,bajo,
Prunus cerasifera,Prunus cerasifera,FALSE,alto,
Prunus cerasifera pisardii,Prunus cerasifera pisardii,FALSE,alto,
Prunus cerasus,Prunus cerasus,FALSE,alto,
Prunus sp,Prunus sp,FALSE,alto,
Punica granatum,Punica granatum,FALSE,medio,
Pyracantha angustifolia,Pyracantha angustifolia,FALSE,medio,
Pyracantha coccinea,Pyracantha coccinea,TRUE,medio,
Pyracantha sp,Pyracantha sp,FALSE,medio,
Pyrus bourgaeana,Pyrus bourgaeana,TRUE,alto,
Pyrus calleryana,Pyrus calleryana,FALSE,alto,
Pyrus communis,Pyrus communis,TRUE,alto,
Quercus faginea,Quercus faginea,TRUE,no,
Quercus ilex,Quercus ilex,TRUE,no,
Quercus sp,Quercus sp,TRUE,no,
Quercus suber,Quercus suber,TRUE,no,
Retama monosperma,Retama monosperma,TRUE,medio,
Retama sphaerocarpa,Retama sphaerocarpa,TRUE,medio,
Rhododendron sp,Rhododendron sp,FALSE,medio,
Rhus typhina,Rhus typhina,FALSE,bajo,
Ricinus communis,Ricinus communis,FALSE,bajo,
Robinia pseudoacacia,Robinia pseudoacacia,FALSE,medio,
Rosa banksiae,Rosa banksiae,FALSE,medio,
Rosa canina,Rosa canina,TRUE,alto,
Rosa sp,Rosa sp,FALSE,bajo,
Rosmarinus officinalis,Rosmarinus officinalis,TRUE,alto,
Ruscus aculeatus,Ruscus aculeatus,TRUE,bajo,
Russelia equisetiformis,Russelia equisetiformis,FALSE,bajo,
Salvia microphylla,Salvia microphylla,FALSE,bajo,
Salvia officinalis,Salvia officinalis,TRUE,alto,
Sambucus ebulus,Sambucus ebulus,TRUE,medio,
Sanseviera sp,Sanseviera sp,FALSE,no,
Santolina chamaecyparissus,Santolina chamaecyparissus,TRUE,alto,
Santolina sp,Santolina sp,TRUE,alto,
Schefflera actinophylla,Schefflera actinophylla,FALSE,bajo,
Schefflera arboricola,Schefflera arboricola,FALSE,bajo,
Schinus molle,Schinus molle,FALSE,bajo,
Senecio lineatus,Senecio lineatus,FALSE,medio,
Senecio linifoliaster,Senecio linifoliaster,FALSE,medio,
Senecio sp,Senecio sp,FALSE,medio,
Solandra maxima,Solandra maxima,FALSE,bajo,
Solanum jazminoide,Solanum jazminoide,FALSE,bajo,
Solanum rantonetti,Solanum rantonetti,FALSE,bajo,
Solanum sp,Solanum sp,FALSE,bajo,
Sophora japonica,Sophora japonica,FALSE,medio,
Sparmannia africana,Sparmannia africana,FALSE,bajo,
Spartium junceum,Spartium junceum,TRUE,medio,
Spiraea cantoniensis,Spiraea cantoniensis,FALSE,medio,
Spiraea japonica,Spiraea japonica,FALSE,medio,
Spiraea sp,Spiraea sp,FALSE,medio,
Spiraea vanhouttei,Spiraea vanhouttei,FALSE,medio,
Stephanotis floribunda,Stephanotis floribunda,FALSE,bajo,
Strelitzia nicolai,Strelitzia nicolai,FALSE,no,
Strelitzia reginae,Strelitzia reginae,FALSE,no,
Symphoricarpus albus,Symphoricarpus albus,FALSE,medio,
Tabebuia impetiginosa,Tabebuia impetiginosa,FALSE,bajo,
Tamarindus indica,Tamarindus indica,FALSE,bajo,
Tamarix africana,Tamarix africana,TRUE,alto,
Tamarix gallica,Tamarix gallica,TRUE,medio,
Tamarix sp,Tamarix sp,TRUE,medio,
Taxodium distichum,Taxodium distichum,FALSE,no,
Taxus baccata,Taxus baccata,TRUE,no,
Tecomaria capensis,Tecomaria capensis,FALSE,bajo,
Tetraclinis articulata,Tetraclinis articulata,TRUE,bajo,
Teucrium fruticans,Teucrium fruticans,TRUE,alto,
Thevetia peruviana,Thevetia peruviana,FALSE,medio,
Thevetia sp,Thevetia sp,FALSE,medio,
Thuja occidentalis,Thuja occidentalis,FALSE,no,
Thuja orientalis,Thuja orientalis,FALSE,no,
Thuja plicata,Thuja plicata,FALSE,no,
Thuja sp,Thuja sp,FALSE,no,
Thymus vulgaris,Thymus vulgaris,TRUE,alto,
Tipuana tipu,Tipuana tipu,FALSE,bajo,Apis
Trachelospermum jasminoides,Trachelospermum jasminoides,FALSE,medio,
Trachycarpus fortunei,Trachycarpus fortunei,FALSE,bajo,
Tradescantia pallida,Tradescantia pallida,FALSE,medio,
Typha sp,Typha sp,TRUE,no,
Ulmus campestris,Ulmus campestris,FALSE,no,
Ulmus minor,Ulmus minor,TRUE,no,
Ulmus pumila,Ulmus pumila,FALSE,no,
Ulmus sp,Ulmus sp,FALSE,no,
Ulmus umbraculifera,Ulmus umbraculifera,FALSE,no,
Viburnum lucidum,Viburnum lucidum,TRUE,medio,
Viburnum rhythydophylum,Viburnum rhythydophylum,FALSE,medio,
Viburnum sp,Viburnum sp,TRUE,medio,
Viburnum tinus,Viburnum tinus,TRUE,medio,
Vinca minor,Vinca minor,TRUE,medio,
Vitex agnus-castus,Vitex agnus-castus,TRUE,alto,
Vitis vinifera,Vitis vinifera,FALSE,no,
Washingtonia robusta,Washingtonia robusta,FALSE,no,
Washingtonia sp,Washingtonia sp,FALSE,no,
Wigandia caracasana,Wigandia caracasana,FALSE,medio,
Wisteria floribunda,Wisteria floribunda,FALSE,medio,
Wisteria sinensis,Wisteria sinensis,FALSE,medio,
Yucca aloifolia,Yucca aloifolia,FALSE,bajo,
Yucca elephantipes,Yucca elephantipes,FALSE,bajo,
Yucca gloriosa,Yucca gloriosa,FALSE,bajo,
Yucca sp,Yucca sp,FALSE,bajo,
Zantedeschia aethiopica,Zantedeschia aethiopica,FALSE,bajo,
Ziziphus sp,Ziziphus sp,FALSE,bajo,
