order,family,pollinator_species,n_parks
Coleoptera,Cetoniidae,Oxythyrea funesta,35
Coleoptera,Tenebrionidae,Heliotaurus ruficollis,10
Coleoptera,Scarabaedidae,Protaetia sp1,1
Coleoptera,Cantharidae,Rhagonycha fulva,1
Coleoptera,,Coleoptera sp1,1
Diptera,Syrphidae,Episyrphys balteatus,192
Diptera,Calliphoridae,Calliphora vicina,166
Diptera,,Diptera spp1,75
Diptera,Syrphidae,Eristalinues taeniops,74
Diptera,Syrphidae,Eristalis similis,186
Diptera,Syrphidae,Syritta pipiens,133
Diptera,Syrphidae,Sphaerophoria scripta,46
Diptera,Calliphoridae,Stomorhina lunata,70
Diptera,Syrphidae,Myathropa florea,143
Diptera,Calliphoridae,Lucilia sericata,53
Diptera,Rhinophoridae,Stevenia sp1,40
Diptera,Syrphidae,Eristalis tenax,22
Diptera,Syrphidae,Eupeodes corollae,22
Diptera,Sarcophagidae,Sarcophaga sp1,13
Diptera,Calliphoridae,Pollenia sp1,49
Diptera,Anthomyiidae,Anthomyiidae sp1,40
Diptera,Anthomyiidae,Anthomyiidae sp2,10
Diptera,Anthomyiidae,Anthomyiidae sp3,20
Diptera,Syrphidae,Myolepta difformis,8
Diptera,Syrphidae,Paragus spp1,8
Diptera,Muscidae,Muscidae sp1,13
Diptera,Muscidae,Muscidae sp2,10
Diptera,Syrphidae,Chrysotoxum intermedium,7
Diptera,Syrphidae,Sphaerophoria rueppellii,5
Diptera,,Diptera spp2,8
Diptera,Anthomyiidae,Anthomyia pluvialis,6
Diptera,Calliphoridae,Pollenia sp2,5
Diptera,Bombyliidae ,Bombylius cinerascens ,4
Diptera,,Diptera sp1,29
Diptera,Muscidae,Musca autumnalis,7
Diptera,Muscidae,Muscidae sp3,3
Diptera,Syrphidae,Syrphidae sp1,3
Diptera,Bombyliidae ,Anthrax trifasciatus,2
Diptera,Bombyliidae ,Bombyliidae sp1,2
Diptera,Calliphoridae,Lucilia sp1,2
Diptera,Muscidae,Muscina stabulans,7
Diptera,Muscidae,Helina evecta,5
Diptera,Syrphidae,Eristalis arbustorum,4
Diptera,Calliphoridae,Pollenia amentaria,4
Diptera,Calliphoridae,Calliphora vomitoria,3
Diptera,Syrphidae,Eristalinus aeneus,3
Diptera,Muscidae,Graphomya maculata,3
Diptera,Anthomyiidae,Anthomyia sp1,2
Diptera,Bombyliidae ,Bombylius medius,2
Diptera,Bombyliidae ,Amictus sp1,1
Diptera,Calliphoridae,Lucilia sp2,1
Diptera,Syrphidae,Melanostoma mellinum,1
Diptera,Syrphidae,Merodon geniculatus,1
Diptera,Muscidae,Musca domestica,1
Diptera,Syrphidae,Paragus bicolor,1
Diptera,Syrphidae,Paragus quadrifasciatus,1
Diptera,Syrphidae,Syritta flaviventris,1
Diptera,Bombyliidae ,Villa sp1,1
Diptera,Syrphidae,Xanthandrus comtus,1
Diptera,,Diptera sp2,1
Hymenoptera,Apidae,Apis mellifera,3122
Hymenoptera,Apidae,Xylocopa violacea,1097
Hymenoptera,Megachilidae,Megachile spp1,248
Hymenoptera,Megachilidae,Anthidium manicatum/florentinum,499
Hymenoptera,,Bee spp1,88
Hymenoptera,Halictidae,Lasioglossum politum,216
Hymenoptera,Apidae,Amegilla quadrifasciata,146
Hymenoptera,Halictidae,Lasioglossum capitale,80
Hymenoptera,Andrenidae,Andrena pilipes,93
Hymenoptera,Apidae,Bombus terrestrris,44
Hymenoptera,Halictidae,Lasioglossum glabriusculum,126
Hymenoptera,Andrenidae,Andrena spp1,64
Hymenoptera,Colletidae,Hylaeus pictipes,47
Hymenoptera,Colletidae,Hylaeus punctatus,46
Hymenoptera,Halictidae,Lasioglossum pauperatum,80
Hymenoptera,Megachilidae,Megachile apicalis,70
Hymenoptera,Halictidae,Lasioglossum pauxillum,38
Hymenoptera,Halictidae,Lasioglossum minutissimum,27
Hymenoptera,Halictidae,Lasioglossum spp1,23
Hymenoptera,Apidae,Eucera notata,75
Hymenoptera,Megachilidae,Megachile rotundata,48
Hymenoptera,Apidae,Anthophora plumipes,36
Hymenoptera,Megachilidae,Megachile ericetorum,34
Hymenoptera,Halictidae,Lasioglossum malachurum,26
Hymenoptera,Apidae,Nomioides facilis,25
Hymenoptera,Apidae,Thyreus histrionicus,9
Hymenoptera,Halictidae,Lasioglossum sphecodimorphum,27
Hymenoptera,Halictidae,Halictus vestitus,16
Hymenoptera,Halictidae,Seladonia gemmea,9
Hymenoptera,Halictidae,Halictus scabiosae,8
Hymenoptera,Apidae,Nomada spp1,4
Hymenoptera,Apidae,Ceratina cucurbitina ,19
Hymenoptera,Andrenidae,Andrena bimaculata,16
Hymenoptera,Apidae,Nomada succincta,6
Hymenoptera,Apidae,Amegilla albigena,5
Hymenoptera,Megachilidae,Megachila willughbiella,5
Hymenoptera,Megachilidae,Osmia caerulescens,4
Hymenoptera,Apidae,Nomada merceti,7
Hymenoptera,Apidae,Eucera collaris,6
Hymenoptera,Megachilidae,Hoplitis benoisti,5
Hymenoptera,Chrysididae,Chrysis ignita,4
Hymenoptera,Apidae,Eucera elongatula,4
Hymenoptera,Vespidae,Vespidae sp1,4
Hymenoptera,Cabronidae,Bembix sp1,3
Hymenoptera,Megachilidae,Hoplitis adunca,3
Hymenoptera,Megachilidae,Megachile pilidens,3
Hymenoptera,Andrenidae,Andrena discors,2
Hymenoptera,Andrenidae,Andrena trimmerana,2
Hymenoptera,Apidae,Ceratina dentiventris,2
Hymenoptera,Halictidae,Lasioglossum algericolellum,2
Hymenoptera,Halictidae,Vestitohalictus pollinosus,2
Hymenoptera,Megachilidae,Stelis punctulatissima ,10
Hymenoptera,Colletidae,Hylaeus pictus,8
Hymenoptera,Andrenidae,Panurgus canescens,7
Hymenoptera,Halictidae,Seladonia confusa perkinsi,7
Hymenoptera,Halictidae,Seladonia smaragdula,6
Hymenoptera,Halictidae,Ceylalictus variegatus,5
Hymenoptera,Halictidae,Lasioglossum leucozonium cedri,5
Hymenoptera,Megachilidae,Anthidiellum strigatum,3
Hymenoptera,Colletidae,Colletes sp1,3
Hymenoptera,Halictidae,Lasioglossum costulatum,3
Hymenoptera,Apidae,Nomada gribodoi,3
Hymenoptera,Megachilidae,Osmia bicornis,3
Hymenoptera,Apidae,Anthophora bimaculata,2
Hymenoptera,Apidae,Ceratina saudersi,2
Hymenoptera,Megachilidae,Chelostoma florisomne,2
Hymenoptera,Ichneumonidae,Ichneumonidae sp1,2
Hymenoptera,Leucospidae,Leucospis sp1,2
Hymenoptera,Apidae,Nomada numida,2
Hymenoptera,Megachilidae,Osmia andrenoides,2
Hymenoptera,Apidae,Amegilla fasciata,1
Hymenoptera,Andrenidae,Andrena agilissima,1
Hymenoptera,Andrenidae,Andrena flavipes,1
Hymenoptera,Apidae,Anthophora atroalba,1
Hymenoptera,Cabronidae,Cerceris sabulosa,1
Hymenoptera,Megachilidae,Coelioxys aurolimbatus,1
Hymenoptera,Cabronidae,Cabronidae sp1,1
Hymenoptera,Scoliidae,Dasyscolia ciliata,1
Hymenoptera,Vespidae,Eudynerus sp1,1
Hymenoptera,Halictidae,Halictus fulvipes,1
Hymenoptera,Halictidae,Halictus sexcinctus,1
Hymenoptera,Megachilidae,Heriades crenulatus,1
Hymenoptera,Megachilidae,Hoplitis papaveri,1
Hymenoptera,Halictidae,Nomiapis bispinosa,1
Hymenoptera,Megachilidae,Osmia submicans,1
Hymenoptera,Sphecidae,Podalonia sp1,1
Hymenoptera,Vespidae,Polistes gallicus,1
Hymenoptera,Megachilidae,Rhodanthidium sticticum,1
Hymenoptera,Vespidae,Rhynchium oculatum,1
Hymenoptera,Sphecidae,Sceliphron sp1,1
Hymenoptera,Cabronidae,Solierella sp1,1
Hymenoptera,Vespidae,Vespula sp1,1
Lepidoptera,Nymphalidae,Vanessa atalanta,69
Lepidoptera,Pieridae,Pieris rapa/brassicae,50
Lepidoptera,,Lepidoptera spp1,35
Lepidoptera,Sphingidae,Macroglossum stellatarum,8
Lepidoptera,Lycaenidae,Cacyreus marshalli,4
Lepidoptera,Nymphalidae,Vanessa cardui,3
Lepidoptera,Lycaenidae,Leptotes pirithous,3
Lepidoptera,Lycaenidae,Lampides boeticus,2
Lepidoptera,,Lepidoptera sp1,2
Lepidoptera,Lycaenidae,Lycaena phlaeas,2
Lepidoptera,Lycaenidae,Aricia cramera ,1
Lepidoptera,Papilionidae,Papilio machaon,1
